"id","Scenario","Actual Range","Protocol","Buildings","Total nodes","Nodes on circ","Total coverage","Coverage on circ","Alert received mean time","Hops","Slots","Messages sent","Messages received"
0,0,100,0,0,1776,80,1743,78,1.00608e+07,16.3974,51.0256,490,1742
0,0,100,0,0,1776,80,1743,78,1.00608e+07,16.3974,51.0256,490,1742
0,0,100,0,0,1776,80,1743,78,1.00608e+07,16.3974,51.0256,490,1742
0,0,100,0,0,1776,80,1743,78,1.00608e+07,16.3974,51.0256,490,1742
