"id","Scenario","Actual Range","Protocol","Buildings","Total nodes","Nodes on circ","Total coverage","Coverage on circ","Alert received mean time","Hops","Slots","Messages sent","Messages received"
1,2,300,0,1,1905,46,1629,39,1.79045e+09,5.07692,122.538,209,7421
2,2,300,0,1,1905,46,1643,46,1.71324e+09,4.69565,121.478,204,7008
3,2,300,0,1,1905,46,1685,46,1.2146e+09,4.19565,79.7609,221,7667
4,2,300,0,1,1905,46,1537,38,1.94309e+09,5.15789,130.316,193,6794
5,2,300,0,1,1905,46,1561,42,1.29999e+09,4.28571,78.7857,193,6709
6,2,300,0,1,1905,46,1655,36,1.65353e+09,4.27778,143.944,218,7563
7,2,300,0,1,1905,46,1561,44,1.68284e+09,4.5,130.864,208,7468
