"id","Scenario","Actual Range","Protocol","Buildings","Total nodes","Nodes on circ","Total coverage","Coverage on circ","Alert received mean time","Hops","Slots","Messages sent","Messages received"
1,1,500,0,1,2224,50,2168,48,4.35476e+08,2.625,11.4167,76,18182
2,1,500,0,1,2224,50,2142,50,3.26677e+08,2.14,9.66,71,17990
3,1,500,0,1,2224,50,2059,50,2.90977e+08,2.1,10.96,54,13154
4,1,500,0,1,2224,50,2129,50,2.67265e+08,2.34,3.64,61,15377
5,1,500,0,1,2224,50,2119,50,1.90705e+08,2,5.84,62,15587
6,1,500,0,1,2224,50,2157,50,3.04645e+08,2.14,15.74,61,15740
7,1,500,0,1,2224,50,2127,50,3.81889e+08,2.58,10.08,67,16794
8,1,500,0,1,2224,50,2100,45,3.03241e+08,2.11111,12.2889,57,14616
9,1,500,0,1,2224,50,2098,50,2.15557e+08,2.18,4.46,63,16306
10,1,500,0,1,2224,50,2094,47,3.4052e+08,2.42553,19.234,60,14191
11,1,500,0,1,2224,50,2087,50,3.30541e+08,2.44,9.1,60,14992
12,1,500,0,1,2224,50,2127,50,2.36677e+08,2.3,2.66,60,14838
13,1,500,0,1,2224,50,2093,47,2.53175e+08,2.12766,15.7872,56,14072
