"id","Scenario","Actual Range","Protocol","Buildings","Total nodes","Nodes on circ","Total coverage","Coverage on circ","Alert received mean time","Hops","Slots","Messages sent","Messages received"
1,2,300,0,1,1905,46,1666,43,1.36439e+09,4.44186,90.7209,223,7841
2,2,300,0,1,1905,46,1491,37,1.54354e+09,4.37838,106.622,188,6707
3,2,300,0,1,1905,46,1686,39,1.64925e+09,4.38462,126.436,206,7190
4,2,300,0,1,1905,46,1518,44,1.55035e+09,4.36364,113.682,193,6923
5,2,300,0,1,1905,46,1583,41,1.40573e+09,4.65854,95.0732,195,6922
6,2,300,0,1,1905,46,1684,40,1.69694e+09,4.65,128.225,217,7531
7,2,300,0,1,1905,46,1656,45,2.71783e+09,5.33333,262.822,203,7136
