"id","Scenario","Actual Range","Protocol","Buildings","Total nodes","Nodes on circ","Total coverage","Coverage on circ","Alert received mean time","Hops","Slots","Messages sent","Messages received"
1,2,300,0,1,1905,46,1633,45,2.04414e+09,4.66667,164.889,207,7416
2,2,300,0,1,1905,46,1668,41,1.81601e+09,4.56098,156.439,224,7865
3,2,300,0,1,1905,46,1554,41,1.51006e+09,4.60976,107.244,194,6787
4,2,300,0,1,1905,46,1620,42,2.34139e+09,5.7381,169.929,211,7509
5,2,300,0,1,1905,46,1580,43,1.79731e+09,4.51163,159.465,198,7020
6,2,300,0,1,1905,46,1749,38,1.3153e+09,4.42105,82.6842,237,8105
7,2,300,0,1,1905,46,1405,34,1.62743e+09,4.47059,115.618,182,6377
