"id","Scenario","Actual Range","Protocol","Buildings","Total nodes","Nodes on circ","Total coverage","Coverage on circ","Alert received mean time","Hops","Slots","Messages sent","Messages received"
0,1,300,0,0,1465,77,1465,77,49509.8,4.85714,51.1299,74,1465
0,1,300,0,0,1465,77,1465,77,76472.8,4.50649,78.1429,81,1465
0,1,300,0,0,1465,77,1465,77,63718.3,4.12987,63.8831,98,1465
0,1,300,0,0,1465,77,1465,77,76472.8,4.50649,78.1429,81,1465
