"id","Scenario","Actual Range","Protocol","Buildings","Total nodes","Nodes on circ","Total coverage","Coverage on circ","Alert received mean time","Hops","Slots","Messages sent","Messages received"
0,1,500,0,0,8096,304,8096,304,9540.15,5.01974,8.16776,548,8096
0,1,500,0,0,8096,304,8096,304,8664.25,5.49342,6.73026,417,8096
0,1,500,0,0,8096,304,8096,304,7419.92,4.72039,6.5,453,8096
0,1,500,0,0,8096,304,8096,304,6092.68,5.83882,11.8586,474,8096
0,1,500,0,0,8096,304,8096,304,8353.41,5.68092,7.48026,485,8096
0,1,500,0,0,8096,304,8096,304,8353.41,5.68092,7.48026,485,8096
