"id","Scenario","Actual Range","Protocol","Buildings","Total nodes","Nodes on circ","Total coverage","Coverage on circ","Alert received mean time","Hops","Slots","Messages sent","Messages received"
0,0,300,0,0,1776,80,1762,78,1.39157e+07,4.88462,3903.68,111,1761
0,0,300,0,0,1776,80,1762,78,1.39157e+07,4.88462,3903.68,111,1761
0,0,300,0,0,1776,80,1762,78,1.39157e+07,4.88462,3903.68,111,1761
0,0,300,0,0,1776,80,1762,78,1.39157e+07,4.88462,3903.68,111,1761
