"id","Scenario","Actual Range","Protocol","Buildings","Total nodes","Nodes on circ","Total coverage","Coverage on circ","Alert received mean time","Hops","Slots","Messages sent","Messages received"
0,1,100,100,0,6528,148,6477,148,1.23236e+06,33.8311,1234.59,2383,6477
0,1,100,100,0,6528,148,6508,148,1.29025e+06,31.6622,1288.55,2417,6508
0,1,100,100,0,6528,148,6508,148,1.29025e+06,31.6622,1288.55,2417,6508
0,1,100,100,0,6528,148,6508,148,1.29025e+06,31.6622,1288.55,2417,6508
0,1,100,100,0,6528,148,6508,148,1.29025e+06,31.6622,1288.55,2417,6508
0,1,100,100,0,6528,148,6500,147,1.22979e+06,34.0816,1248.01,2439,6500
