"id","Scenario","Actual Range","Protocol","Buildings","Total nodes","Nodes on circ","Total coverage","Coverage on circ","Alert received mean time","Hops","Slots","Messages sent","Messages received"
0,1,100,100,0,6528,148,6508,148,1.10441e+06,34.6554,1111.9,2392,6508
0,1,100,100,0,6528,148,6508,148,1.10441e+06,34.6554,1111.9,2392,6508
0,1,100,100,0,6528,148,6508,148,1.10441e+06,34.6554,1111.9,2392,6508
0,1,100,100,0,6528,148,6514,148,1.10771e+06,31.2432,1099.11,2326,6514
