"id","Scenario","Actual Range","Protocol","Buildings","Total nodes","Nodes on circ","Total coverage","Coverage on circ","Alert received mean time","Hops","Slots","Messages sent","Messages received"
0,1,500,0,0,1465,77,1465,77,5559.84,3.20779,6.16883,59,1465
0,1,500,0,0,1465,77,1465,77,3753.27,3.41558,5.67532,78,1465
0,1,500,0,0,1465,77,1465,77,3753.27,3.41558,5.67532,78,1465
0,1,500,0,0,1465,77,1465,77,3753.27,3.41558,5.67532,78,1465
0,1,500,0,0,1465,77,1465,77,3753.27,3.41558,5.67532,78,1465
